{"cameraMode":{"drawMode":0,"name":"Shaded","section":"Shading Mode"},"sceneLighting":false,"audioPlay":false,"sceneViewState":{"showFog":true,"showMaterialUpdate":false,"showSkybox":true,"showFlares":true,"showImageEffects":true,"showParticleSystems":true},"in2DMode":false,"pivot":{"x":-1.4849133491516114,"y":3.416321039199829,"z":9.245309829711914},"rotation":{"x":0.1577765941619873,"y":0.7812560200691223,"z":-0.21900516748428346,"w":0.5628342628479004},"size":2.8578836917877199,"orthographic":false}