{"cameraMode":{"drawMode":0,"name":"Shaded","section":"Shading Mode"},"sceneLighting":false,"audioPlay":false,"sceneViewState":{"showFog":true,"showMaterialUpdate":false,"showSkybox":true,"showFlares":true,"showImageEffects":true,"showParticleSystems":true},"in2DMode":false,"pivot":{"x":-0.07626413553953171,"y":2.1397361755371095,"z":9.880000114440918},"rotation":{"x":0.18119314312934876,"y":0.6886117458343506,"z":-0.18415114283561707,"w":0.6775480508804321},"size":2.4927566051483156,"orthographic":false}