{"cameraMode":{"drawMode":0,"name":"Shaded","section":"Shading Mode"},"sceneLighting":false,"audioPlay":false,"sceneViewState":{"showFog":true,"showMaterialUpdate":false,"showSkybox":true,"showFlares":true,"showImageEffects":true,"showParticleSystems":true},"in2DMode":false,"pivot":{"x":-0.0004501398652791977,"y":0.0008755633607506752,"z":-0.0028356630355119707},"rotation":{"x":-0.2805308699607849,"y":-0.3276072144508362,"z":0.10252951830625534,"w":-0.8963614106178284},"size":0.015299558639526368,"orthographic":false}