{"cameraMode":{"drawMode":0,"name":"Shaded","section":"Shading Mode"},"sceneLighting":false,"audioPlay":false,"sceneViewState":{"showFog":true,"showMaterialUpdate":false,"showSkybox":true,"showFlares":true,"showImageEffects":true,"showParticleSystems":true},"in2DMode":false,"pivot":{"x":-1.6990655660629273,"y":3.2361323833465578,"z":9.878039360046387},"rotation":{"x":-0.12513850629329682,"y":-0.7099050879478455,"z":0.13050907850265504,"w":-0.680692732334137},"size":0.7006248235702515,"orthographic":false}