{"cameraMode":{"drawMode":0,"name":"Shaded","section":"Shading Mode"},"sceneLighting":false,"audioPlay":false,"sceneViewState":{"showFog":true,"showMaterialUpdate":false,"showSkybox":true,"showFlares":true,"showImageEffects":true,"showParticleSystems":true},"in2DMode":false,"pivot":{"x":0.15651607513427735,"y":1.766169548034668,"z":9.955970764160157},"rotation":{"x":0.09940974414348602,"y":0.7449153065681458,"z":-0.11396171897649765,"w":0.6497936248779297},"size":2.59554386138916,"orthographic":false}