{"cameraMode":{"drawMode":0,"name":"Shaded","section":"Shading Mode"},"sceneLighting":true,"audioPlay":false,"sceneViewState":{"showFog":true,"showMaterialUpdate":false,"showSkybox":true,"showFlares":true,"showImageEffects":true,"showParticleSystems":true},"in2DMode":false,"pivot":{"x":-10.681156158447266,"y":-6.4083452224731449,"z":18.59837532043457},"rotation":{"x":0.2462550699710846,"y":0.6482416987419128,"z":-0.23428529500961305,"w":0.681360125541687},"size":29.364809036254884,"orthographic":false}